{"Kasprowy Wierch": [49.2318014, 19.9815609], "Lesko": [49.4689014, 22.3303816], "Suwa\u0142ki": [54.102712499999996, 22.931878217494493], "\u015anie\u017cka": [50.7359438, 15.7397826], "Zakopane": [49.2757934, 19.969281065702543], "Bia\u0142ystok": [53.127505049999996, 23.147050870161664], "Bielsko Bia\u0142a": [49.822118, 19.0448936], "Chojnice": [53.6999165, 17.570344138115953], "Cz\u0119stochowa": [50.8089997, 19.1244089281233], "Elbl\u0105g": [54.1988997, 19.44108568736702], "Gda\u0144sk": [54.3706858, 18.61298210330077], "Gorz\u00f3w": [50.0799574, 19.2325957], "Hel": [54.6066432, 18.8027076], "Jelenia G\u00f3ra": [50.8501049, 15.653749235408073], "Kalisz": [51.74736505, 18.079590087700034], "Katowice": [50.2137321, 19.00588775660632], "K\u0119trzyn": [54.0819763, 21.376828104006], "Kielce": [50.85402845, 20.60991568734511], "K\u0142odzko": [50.43371175, 16.642246491692106], "Ko\u0142o": [52.2019866, 18.6359912], "Ko\u0142obrzeg": [54.1759614, 15.5764209], "Koszalin": [54.19092, 16.17707], "Kozienice": [51.5849678, 21.549883], "Krak\u00f3w": [50.0469432, 19.997153435836697], "Krosno": [49.68898435, 21.75347880451494], "Legnica": [51.204768900000005, 16.174675034638256], "Leszno": [51.8436068, 16.58042182076424], "L\u0119bork": [54.5391501, 17.7472272], "Lublin": [51.218194499999996, 22.554677562145155], "\u0141eba": [54.7604388, 17.531376945616415], "\u0141\u00f3d\u017a": [51.7728245, 19.478485931307937], "Miko\u0142ajki": [53.7981816, 21.5772462], "M\u0142awa": [53.1116182, 20.3831732], "Nowy S\u0105cz": [49.61030395, 20.714936589668028], "Olsztyn": [53.7767239, 20.477780523409734], "Opole": [50.678792900000005, 17.929884436033525], "Ostro\u0142\u0119ka": [53.078032, 21.574868563752748], "Pi\u0142a": [53.1511324, 16.7380343], "Platforma": [50.43339845, 30.507225857683157], "P\u0142ock": [52.535347099999996, 19.713630138580008], "Pozna\u0144": [52.4006632, 16.91973259178088], "Przemy\u015bl": [49.78355525, 22.78851130307014], "Racib\u00f3rz": [50.090525150000005, 18.21514950291531], "Resko": [53.7733969, 15.4056058], "Rzesz\u00f3w": [50.013064, 22.016143457294312], "Sandomierz": [50.6793066, 21.7495055], "Siedlce": [52.161593800000006, 22.281253302988254], "S\u0142ubice": [52.3557481, 14.5662367], "Sulej\u00f3w": [51.3549202, 19.8890802], "Szczecin": [53.42968095, 14.592912670292268], "Szczecinek": [53.70234205, 16.70713424642978], "\u015awinouj\u015bcie": [53.827032849999995, 14.335691469388852], "Tarn\u00f3w": [50.025988299999995, 20.96405842696229], "Terespol": [52.0756167, 23.6133645], "Toru\u0144": [53.0145361, 18.596583144651557], "Ustka": [54.5811254, 16.8612962], "Warszawa": [52.2337172, 21.071432235636493], "Wielu\u0144": [51.2205345, 18.5701081], "W\u0142odawa": [51.54127795, 23.529036806689675], "Wroc\u0142aw": [51.1263106, 16.97819633051261], "Zamo\u015b\u0107": [50.7170854, 23.2525711], "Zielona G\u00f3ra": [51.92766315, 15.549005417916433]}